<?xml version="1.0" encoding="UTF-8"?>
<site>
   <description name="ASN.1 SDK and plugins" url="https://www.asnlab.org/updates/">
      The ASN.1 SDK and plugins update site
   </description>
   <feature url="features/org.asnlab.asndt_3.14.15.r20240724.jar" id="org.asnlab.asndt" version="3.14.15.r20240724">
      <category name="ASN.1 SDK"/>
   </feature>
   <feature url="features/org.asnlab.asndt.asncc_3.14.15.r20240724.jar" id="org.asnlab.asndt.asncc" version="3.14.15.r20240724">
      <category name="ASN.1 plugins"/>
   </feature>
   <feature url="features/org.asnlab.asndt.asncpp_3.14.15.r20240724.jar" id="org.asnlab.asndt.asncpp" version="3.14.15.r20240724">
      <category name="ASN.1 plugins"/>
   </feature>
   <feature url="features/org.asnlab.asndt.asncsc_3.14.15.r20240724.jar" id="org.asnlab.asndt.asncsc" version="3.14.15.r20240724">
      <category name="ASN.1 plugins"/>
   </feature>
   <feature url="features/org.asnlab.asndt.asngc_3.14.15.r20240724.jar" id="org.asnlab.asndt.asngc" version="3.14.15.r20240724">
      <category name="ASN.1 plugins"/>
   </feature>
   <feature url="features/org.asnlab.asndt.asnjc_3.14.15.r20240724.jar" id="org.asnlab.asndt.asnjc" version="3.14.15.r20240724">
      <category name="ASN.1 plugins"/>
   </feature>
   <category-def name="ASN.1 SDK" label="ASN.1 SDK"/>
   <category-def name="ASN.1 plugins" label="ASN.1 plugins"/>
</site>
